id_enrolement,champ,valeur_avant,valeur_apres,source,code_regle,date_correction,statut
ENR-000065,nom,MENASH,MENSAH,pièce AN-000854,R01,2026-09-22,corrigé
ENR-000225,nom,CHAFI,CHABI,pièce AN-001048,R01,2026-09-22,corrigé
ENR-000626,nom,OUSENI,OSSENI,pièce CC-002421,R01,2026-09-22,corrigé
ENR-000646,nom,DANSZU,DANSOU,pièce CC-000521,R01,2026-09-22,corrigé
ENR-000728,nom,SOSSOUU,SOSSOU,pièce AN-004600,R01,2026-09-22,corrigé
ENR-000762,nom,GBAGUIDII,GBAGUIDI,pièce AN-003684,R01,2026-09-22,corrigé
ENR-000772,nom,TSHIBOZO,TCHIBOZO,pièce CC-003918,R01,2026-09-22,corrigé
ENR-000852,nom,CHABBI,CHABI,pièce PP-002326,R01,2026-09-22,corrigé
ENR-000868,nom,ALLADAYEE,ALLADAYE,pièce AN-001034,R01,2026-09-22,corrigé
ENR-000909,nom,SOULIY,SOULEY,pièce AN-004044,R01,2026-09-22,corrigé
ENR-001006,nom,ADJOVQ,ADJOVI,pièce AN-004956,R01,2026-09-22,corrigé
ENR-001031,nom,HOLNGBO,HOUNGBO,pièce AN-000621,R01,2026-09-22,corrigé
ENR-001294,nom,HOUESOU,HOUESSOU,pièce CC-002241,R01,2026-09-22,corrigé
ENR-001389,nom,OHUNSOU,HOUNSOU,pièce AN-000525,R01,2026-09-22,corrigé
ENR-001489,nom,DDOSSOU,DOSSOU,pièce AN-001257,R01,2026-09-22,corrigé
ENR-001494,nom,GLEELE,GLELE,pièce AN-003779,R01,2026-09-22,corrigé
ENR-001592,nom,IDSISSOU,IDRISSOU,pièce AN-003861,R01,2026-09-22,corrigé
ENR-001712,nom,SOELEY,SOULEY,pièce PP-000996,R01,2026-09-22,corrigé
ENR-001894,nom,ODJIA,CODJIA,pièce AN-003481,R01,2026-09-22,corrigé
ENR-001914,nom,APOVI,AKPOVI,pièce AN-001359,R01,2026-09-22,corrigé
ENR-002043,nom,OSSOU,SOSSOU,pièce AN-002872,R01,2026-09-22,corrigé
ENR-002127,nom,NGUATIN,NOUATIN,pièce AN-001309,R01,2026-09-22,corrigé
ENR-002204,nom,TCHIOZO,TCHIBOZO,pièce AN-004217,R01,2026-09-22,corrigé
ENR-002301,nom,ZANNEU,ZANNOU,pièce AN-004390,R01,2026-09-22,corrigé
ENR-002318,nom,ADDANDE,ADANDE,pièce AN-004512,R01,2026-09-22,corrigé
ENR-002369,nom,AHOOUANSOU,AHOUANSOU,pièce CC-000968,R01,2026-09-22,corrigé
ENR-002442,nom,AHOANSOU,AHOUANSOU,pièce AN-001297,R01,2026-09-22,corrigé
ENR-002459,nom,ADNSOU,DANSOU,pièce AN-002683,R01,2026-09-22,corrigé
ENR-002695,nom,MEENSAH,MENSAH,pièce AN-003575,R01,2026-09-22,corrigé
ENR-002715,nom,ZINOU,ZINSOU,pièce AN-003298,R01,2026-09-22,corrigé
ENR-002800,nom,AGOSSUO,AGOSSOU,pièce AN-004388,R01,2026-09-22,corrigé
ENR-002845,nom,CDOJIA,CODJIA,pièce CC-002440,R01,2026-09-22,corrigé
ENR-002931,nom,AKPOVII,AKPOVI,pièce AN-001122,R01,2026-09-22,corrigé
ENR-002982,nom,SSAGBO,SAGBO,pièce AN-001677,R01,2026-09-22,corrigé
ENR-003011,nom,IDJOVI,ADJOVI,pièce AN-000291,R01,2026-09-22,corrigé
ENR-003083,nom,DOSOU,DOSSOU,pièce AN-001094,R01,2026-09-22,corrigé
ENR-003281,nom,CODJIAA,CODJIA,pièce PP-000927,R01,2026-09-22,corrigé
ENR-003542,nom,AANDE,ADANDE,pièce AN-003726,R01,2026-09-22,corrigé
ENR-003624,nom,AHOOYO,AHOYO,pièce PP-003104,R01,2026-09-22,corrigé
ENR-003651,nom,ASSOGBC,ASSOGBA,pièce AN-000214,R01,2026-09-22,corrigé
ENR-003891,nom,VDOUNON,VODOUNON,pièce PP-000960,R01,2026-09-22,corrigé
ENR-003991,nom,SCHIBOZO,TCHIBOZO,pièce AN-001007,R01,2026-09-22,corrigé
ENR-004030,nom,SAGGBO,SAGBO,pièce AN-000298,R01,2026-09-22,corrigé
ENR-004040,nom,GLEL,GLELE,pièce AN-002733,R01,2026-09-22,corrigé
ENR-004122,nom,ADNDE,ADANDE,pièce AN-001458,R01,2026-09-22,corrigé
ENR-004138,nom,ZISNOU,ZINSOU,pièce AN-002077,R01,2026-09-22,corrigé
ENR-004156,nom,ALLADDAYE,ALLADAYE,pièce AN-002522,R01,2026-09-22,corrigé
ENR-004773,nom,CCHABI,CHABI,pièce AN-001902,R01,2026-09-22,corrigé
ENR-004831,nom,FASSSINOU,FASSINOU,pièce AN-001734,R01,2026-09-22,corrigé
ENR-004850,nom,SOULY,SOULEY,pièce AN-003651,R01,2026-09-22,corrigé
ENR-004882,nom,TOSSOUU,TOSSOU,pièce AN-003230,R01,2026-09-22,corrigé
ENR-004992,nom,AMMOUSSOU,AMOUSSOU,pièce AN-000531,R01,2026-09-22,corrigé
ENR-005054,nom,DOSSUO,DOSSOU,pièce AN-003204,R01,2026-09-22,corrigé
ENR-000360,prenoms,Kofi,Koffi,pièce AN-004337,R02,2026-09-22,corrigé
ENR-000375,prenoms,Ibrahio,Ibrahim,pièce AN-003133,R02,2026-09-22,corrigé
ENR-000575,prenoms,SSerge,Serge,pièce AN-000481,R02,2026-09-22,corrigé
ENR-000632,prenoms,Fidèe,Fidèle,pièce CC-000943,R02,2026-09-22,corrigé
ENR-000684,prenoms,Serg,Serge,pièce AN-001708,R02,2026-09-22,corrigé
ENR-000793,prenoms,Gildas Brice,Brice Gildas,pièce CC-004684,R02,2026-09-22,corrigé
ENR-000795,prenoms,Carine Flore,Flore Carine,pièce CC-004804,R02,2026-09-22,corrigé
ENR-000880,prenoms,Flore Chimène,Chimène Flore,pièce AN-002837,R02,2026-09-22,corrigé
ENR-000937,prenoms,Urich,Ulrich,pièce PP-003080,R02,2026-09-22,corrigé
ENR-001018,prenoms,Rachd,Rachid,pièce AN-001430,R02,2026-09-22,corrigé
ENR-001024,prenoms,Gildas Arnaud,Arnaud Gildas,pièce AN-001428,R02,2026-09-22,corrigé
ENR-001416,prenoms,hGislain,Ghislain,pièce CC-001801,R02,2026-09-22,corrigé
ENR-001455,prenoms,Salamtaou,Salamatou,pièce PP-001757,R02,2026-09-22,corrigé
ENR-001717,prenoms,Roussa,Moussa,pièce PP-002930,R02,2026-09-22,corrigé
ENR-001750,prenoms,Codjjo,Codjo,pièce PP-004808,R02,2026-09-22,corrigé
ENR-001766,prenoms,Sergge,Serge,pièce AN-004614,R02,2026-09-22,corrigé
ENR-001805,prenoms,Salaiatou,Salamatou,pièce AN-000518,R02,2026-09-22,corrigé
ENR-002082,prenoms,Carnie,Carine,pièce PP-003658,R02,2026-09-22,corrigé
ENR-002112,prenoms,Gisèle Bernice,Bernice Gisèle,pièce AN-001642,R02,2026-09-22,corrigé
ENR-002523,prenoms,Codj,Codjo,pièce PP-002926,R02,2026-09-22,corrigé
ENR-002581,prenoms,Rosine Fatoumata,Fatoumata Rosine,pièce PP-000284,R02,2026-09-22,corrigé
ENR-002679,prenoms,Faabrice,Fabrice,pièce AN-003749,R02,2026-09-22,corrigé
ENR-002746,prenoms,Comlan Rachid,Rachid Comlan,pièce AN-004509,R02,2026-09-22,corrigé
ENR-002790,prenoms,Rachiid,Rachid,pièce AN-004261,R02,2026-09-22,corrigé
ENR-002837,prenoms,alamatou,Salamatou,pièce AN-004813,R02,2026-09-22,corrigé
ENR-003123,prenoms,Fatoumat,Fatoumata,pièce AN-003245,R02,2026-09-22,corrigé
ENR-003201,prenoms,Sèèvo,Sèmèvo,pièce AN-003236,R02,2026-09-22,corrigé
ENR-003233,prenoms,Brice Ibrahim,Ibrahim Brice,pièce AN-002818,R02,2026-09-22,corrigé
ENR-003573,prenoms,Racihd,Rachid,pièce CC-004544,R02,2026-09-22,corrigé
ENR-003606,prenoms,Ospérance,Espérance,pièce AN-001737,R02,2026-09-22,corrigé
ENR-003925,prenoms,ariam,Mariam,pièce AN-000306,R02,2026-09-22,corrigé
ENR-004000,prenoms,Ayaba Aïcha,Aïcha Ayaba,pièce PP-004321,R02,2026-09-22,corrigé
ENR-004136,prenoms,Rachidatou Chimène,Chimène Rachidatou,pièce AN-001716,R02,2026-09-22,corrigé
ENR-004217,prenoms,aFtoumata,Fatoumata,pièce AN-000767,R02,2026-09-22,corrigé
ENR-004395,prenoms,Gildsa,Gildas,pièce AN-002461,R02,2026-09-22,corrigé
ENR-004419,prenoms,Yves Ulrich,Ulrich Yves,pièce AN-002887,R02,2026-09-22,corrigé
ENR-004547,prenoms,Nadège Espérance,Espérance Nadège,pièce CC-000045,R02,2026-09-22,corrigé
ENR-004552,prenoms,Estlele,Estelle,pièce AN-002495,R02,2026-09-22,corrigé
ENR-004575,prenoms,Judit,Judith,pièce CC-004142,R02,2026-09-22,corrigé
ENR-004686,prenoms,Sèèmvo,Sèmèvo,pièce PP-001966,R02,2026-09-22,corrigé
ENR-004710,prenoms,Juustin,Justin,pièce AN-003753,R02,2026-09-22,corrigé
ENR-004809,prenoms,Ghislain Yves,Yves Ghislain,pièce AN-004685,R02,2026-09-22,corrigé
ENR-004863,prenoms,Bienvenu Fidèle,Fidèle Bienvenu,pièce PP-002900,R02,2026-09-22,corrigé
ENR-000002,date_naissance,1902-03-06,1964-02-19,pièce AN-000672,R03,2026-09-22,corrigé
ENR-000056,date_naissance,1999-07-23,1999-07-22,pièce AN-001587,R03,2026-09-22,corrigé
ENR-000061,date_naissance,2001-06-25,2001-05-26,pièce CC-004765,R03,2026-09-22,corrigé
ENR-000303,date_naissance,2025-10-17,1975-06-02,pièce AN-004948,R03,2026-09-22,corrigé
ENR-000304,date_naissance,1972-06-07,1972-07-06,pièce CC-004999,R03,2026-09-22,corrigé
ENR-000493,date_naissance,1982-06-13,1981-06-13,pièce PP-000222,R03,2026-09-22,corrigé
ENR-000584,date_naissance,1894-07-16,1981-09-05,pièce AN-000248,R03,2026-09-22,corrigé
ENR-000587,date_naissance,2025-08-18,1995-12-06,pièce AN-001139,R03,2026-09-22,corrigé
ENR-000698,date_naissance,2005-07-04,2005-06-24,pièce CC-002811,R03,2026-09-22,corrigé
ENR-000727,date_naissance,1993-05-25,1993-05-15,pièce AN-004301,R03,2026-09-22,corrigé
ENR-000803,date_naissance,2025-07-13,1995-11-19,pièce AN-002893,R03,2026-09-22,corrigé
ENR-001059,date_naissance,1979-05-08,1979-08-05,pièce AN-000916,R03,2026-09-22,corrigé
ENR-001082,date_naissance,1900-08-05,1992-11-30,pièce AN-003149,R03,2026-09-22,corrigé
ENR-001113,date_naissance,2014-05-24,2013-05-24,pièce AN-000883,R03,2026-09-22,corrigé
ENR-001137,date_naissance,2010-01-15,2010-01-12,pièce AN-002977,R03,2026-09-22,corrigé
ENR-001153,date_naissance,1991-04-25,1991-03-26,pièce AN-004289,R03,2026-09-22,corrigé
ENR-001194,date_naissance,2003-05-06,2003-06-05,pièce AN-001771,R03,2026-09-22,corrigé
ENR-001219,date_naissance,1998-09-16,1998-09-15,pièce AN-001118,R03,2026-09-22,corrigé
ENR-001232,date_naissance,1971-10-17,1971-10-14,pièce AN-002712,R03,2026-09-22,corrigé
ENR-001233,date_naissance,2026-04-22,1981-02-26,pièce CC-003037,R03,2026-09-22,corrigé
ENR-001254,date_naissance,2008-08-07,2008-07-08,pièce PP-001593,R03,2026-09-22,corrigé
ENR-001295,date_naissance,1994-11-06,1994-11-03,pièce AN-003445,R03,2026-09-22,corrigé
ENR-001357,date_naissance,1891-09-20,2018-08-09,pièce AN-002728,R03,2026-09-22,corrigé
ENR-001360,date_naissance,2008-03-21,2008-03-18,pièce CC-003703,R03,2026-09-22,corrigé
ENR-001375,date_naissance,2002-09-28,2002-09-27,pièce AN-002161,R03,2026-09-22,corrigé
ENR-001468,date_naissance,1961-05-22,1960-05-22,pièce AN-002701,R03,2026-09-22,corrigé
ENR-001507,date_naissance,1997-11-16,1997-11-14,pièce AN-002278,R03,2026-09-22,corrigé
ENR-001601,date_naissance,1903-07-16,2001-06-21,pièce AN-002797,R03,2026-09-22,corrigé
ENR-001679,date_naissance,1987-12-02,1987-02-12,pièce PP-000403,R03,2026-09-22,corrigé
ENR-001681,date_naissance,2026-01-25,1990-08-08,pièce AN-002327,R03,2026-09-22,corrigé
ENR-001700,date_naissance,1962-04-03,1962-03-31,pièce AN-001490,R03,2026-09-22,corrigé
ENR-001802,date_naissance,2026-07-10,1996-02-28,pièce CC-002771,R03,2026-09-22,corrigé
ENR-001826,date_naissance,1998-10-05,1998-05-10,pièce AN-001738,R03,2026-09-22,corrigé
ENR-001827,date_naissance,2021-06-10,2021-10-06,pièce PP-001833,R03,2026-09-22,corrigé
ENR-001998,date_naissance,1955-08-08,1955-07-29,pièce AN-000421,R03,2026-09-22,corrigé
ENR-002044,date_naissance,1979-05-30,1979-05-27,pièce CC-003427,R03,2026-09-22,corrigé
ENR-002048,date_naissance,1999-12-29,1999-12-28,pièce PP-001449,R03,2026-09-22,corrigé
ENR-002058,date_naissance,2026-03-24,2015-04-29,pièce AN-000663,R03,2026-09-22,corrigé
ENR-002223,date_naissance,1998-04-01,1998-03-02,pièce AN-002400,R03,2026-09-22,corrigé
ENR-002297,date_naissance,1968-06-03,1967-06-04,pièce PP-002238,R03,2026-09-22,corrigé
ENR-002336,date_naissance,1968-04-11,1968-11-04,pièce AN-003913,R03,2026-09-22,corrigé
ENR-002407,date_naissance,2011-08-21,2011-08-20,pièce AN-000759,R03,2026-09-22,corrigé
ENR-002562,date_naissance,1997-08-21,1997-08-11,pièce AN-002264,R03,2026-09-22,corrigé
ENR-002653,date_naissance,2015-08-19,2014-08-19,pièce CC-000944,R03,2026-09-22,corrigé
ENR-002724,date_naissance,2026-10-25,2022-05-16,pièce PP-003905,R03,2026-09-22,corrigé
ENR-002787,date_naissance,1993-06-07,1993-07-06,pièce PP-001070,R03,2026-09-22,corrigé
ENR-002847,date_naissance,1998-07-28,1998-07-18,pièce AN-003534,R03,2026-09-22,corrigé
ENR-002877,date_naissance,2014-09-23,2014-09-21,pièce AN-001028,R03,2026-09-22,corrigé
ENR-002914,date_naissance,1987-03-02,1987-02-03,pièce AN-001204,R03,2026-09-22,corrigé
ENR-002968,date_naissance,1965-05-12,1965-12-05,pièce AN-001368,R03,2026-09-22,corrigé
ENR-003013,date_naissance,2026-10-09,2018-11-16,pièce AN-000911,R03,2026-09-22,corrigé
ENR-003140,date_naissance,2005-12-16,2005-12-15,pièce PP-002135,R03,2026-09-22,corrigé
ENR-003262,date_naissance,2026-10-27,1963-07-03,pièce AN-002194,R03,2026-09-22,corrigé
ENR-003285,date_naissance,1993-01-06,1993-01-05,pièce AN-001436,R03,2026-09-22,corrigé
ENR-003373,date_naissance,1900-08-25,1988-01-01,pièce PP-001182,R03,2026-09-22,corrigé
ENR-003387,date_naissance,1988-07-10,1987-07-11,pièce AN-003319,R03,2026-09-22,corrigé
ENR-003533,date_naissance,2001-07-06,2001-06-26,pièce AN-001053,R03,2026-09-22,corrigé
ENR-003571,date_naissance,1947-09-12,1947-09-11,pièce AN-002040,R03,2026-09-22,corrigé
ENR-003630,date_naissance,1889-03-17,1972-12-31,pièce PP-004649,R03,2026-09-22,corrigé
ENR-003662,date_naissance,2016-10-10,2016-09-10,pièce PP-002427,R03,2026-09-22,corrigé
ENR-003832,date_naissance,1996-08-13,1996-08-11,pièce AN-002320,R03,2026-09-22,corrigé
ENR-003936,date_naissance,1982-07-08,1982-08-07,pièce AN-001823,R03,2026-09-22,corrigé
ENR-004043,date_naissance,1997-05-19,1997-05-18,pièce AN-003321,R03,2026-09-22,corrigé
ENR-004102,date_naissance,1893-09-14,2000-06-02,pièce AN-004592,R03,2026-09-22,corrigé
ENR-004104,date_naissance,1969-04-26,1969-04-25,pièce AN-000474,R03,2026-09-22,corrigé
ENR-004147,date_naissance,1944-09-01,1944-01-09,pièce PP-002202,R03,2026-09-22,corrigé
ENR-004166,date_naissance,2026-04-11,1979-09-15,pièce AN-003103,R03,2026-09-22,corrigé
ENR-004316,date_naissance,1979-01-07,1979-07-01,pièce AN-004747,R03,2026-09-22,corrigé
ENR-004469,date_naissance,1886-12-03,1975-12-24,pièce AN-003620,R03,2026-09-22,corrigé
ENR-004569,date_naissance,2011-10-22,2011-10-21,pièce AN-004444,R03,2026-09-22,corrigé
ENR-004670,date_naissance,1981-03-15,1981-02-13,pièce PP-002839,R03,2026-09-22,corrigé
ENR-004671,date_naissance,2027-06-07,1972-07-30,pièce AN-003839,R03,2026-09-22,corrigé
ENR-004719,date_naissance,1949-12-01,1949-11-28,pièce AN-001005,R03,2026-09-22,corrigé
ENR-004730,date_naissance,1992-12-07,1992-11-07,pièce AN-004254,R03,2026-09-22,corrigé
ENR-004749,date_naissance,1900-12-13,2024-03-23,pièce CC-002159,R03,2026-09-22,corrigé
ENR-004781,date_naissance,1975-04-03,1974-04-03,pièce AN-001081,R03,2026-09-22,corrigé
ENR-004894,date_naissance,1971-05-28,1971-05-18,pièce AN-002590,R03,2026-09-22,corrigé
ENR-005045,date_naissance,1971-03-18,1971-03-15,pièce PP-003288,R03,2026-09-22,corrigé
ENR-000345,sexe,M,F,pièce PP-001232,R04,2026-09-22,corrigé
ENR-000568,sexe,M,F,pièce AN-002734,R04,2026-09-22,corrigé
ENR-000748,sexe,M,F,pièce AN-001488,R04,2026-09-22,corrigé
ENR-000776,sexe,M,F,pièce AN-000649,R04,2026-09-22,corrigé
ENR-001566,sexe,M,F,pièce AN-002109,R04,2026-09-22,corrigé
ENR-001651,sexe,M,F,pièce PP-000259,R04,2026-09-22,corrigé
ENR-001901,sexe,F,M,pièce AN-004782,R04,2026-09-22,corrigé
ENR-002016,sexe,F,M,pièce AN-001665,R04,2026-09-22,corrigé
ENR-002079,sexe,M,F,pièce AN-002554,R04,2026-09-22,corrigé
ENR-002139,sexe,F,M,pièce AN-004987,R04,2026-09-22,corrigé
ENR-002399,sexe,M,F,pièce AN-002130,R04,2026-09-22,corrigé
ENR-002465,sexe,F,M,pièce AN-000176,R04,2026-09-22,corrigé
ENR-002852,sexe,M,F,pièce AN-001977,R04,2026-09-22,corrigé
ENR-002899,sexe,M,F,pièce AN-000098,R04,2026-09-22,corrigé
ENR-003170,sexe,F,M,pièce AN-004931,R04,2026-09-22,corrigé
ENR-003431,sexe,M,F,pièce AN-001327,R04,2026-09-22,corrigé
ENR-003784,sexe,F,M,pièce CC-002996,R04,2026-09-22,corrigé
ENR-003863,sexe,F,M,pièce AN-002910,R04,2026-09-22,corrigé
ENR-004311,sexe,M,F,pièce AN-003553,R04,2026-09-22,corrigé
ENR-004342,sexe,F,M,pièce AN-002577,R04,2026-09-22,corrigé
ENR-004457,sexe,F,M,pièce AN-004100,R04,2026-09-22,corrigé
ENR-004629,sexe,M,F,pièce AN-002482,R04,2026-09-22,corrigé
ENR-004653,sexe,F,M,pièce AN-001964,R04,2026-09-22,corrigé
ENR-004684,sexe,F,M,pièce CC-000881,R04,2026-09-22,corrigé
ENR-004915,sexe,F,M,pièce CC-003765,R04,2026-09-22,corrigé
ENR-000086,code_commune_naissance,0399,0304,pièce AN-000895,R05,2026-09-22,corrigé
ENR-000232,code_commune_naissance,0199,1009,pièce CC-001460,R05,2026-09-22,corrigé
ENR-000260,code_commune_naissance,1008,0704,pièce AN-001698,R05,2026-09-22,corrigé
ENR-000504,code_commune_naissance,1001,0402,pièce AN-002443,R05,2026-09-22,corrigé
ENR-000830,code_commune_naissance,0209,1203,pièce AN-000820,R05,2026-09-22,corrigé
ENR-000940,code_commune_naissance,1006,0605,pièce AN-000886,R05,2026-09-22,corrigé
ENR-000960,code_commune_naissance,0201,0405,pièce AN-003944,R05,2026-09-22,corrigé
ENR-001150,code_commune_naissance,0202,0205,pièce AN-001753,R05,2026-09-22,corrigé
ENR-001160,code_commune_naissance,0199,1209,pièce AN-000766,R05,2026-09-22,corrigé
ENR-001206,code_commune_naissance,0199,0102,pièce AN-004503,R05,2026-09-22,corrigé
ENR-001258,code_commune_naissance,0801,0406,pièce AN-003196,R05,2026-09-22,corrigé
ENR-001271,code_commune_naissance,1203,1004,pièce CC-001454,R05,2026-09-22,corrigé
ENR-001276,code_commune_naissance,1299,0502,pièce CC-002946,R05,2026-09-22,corrigé
ENR-001398,code_commune_naissance,0199,1009,pièce AN-002697,R05,2026-09-22,corrigé
ENR-001424,code_commune_naissance,0000,0304,pièce AN-000959,R05,2026-09-22,corrigé
ENR-001511,code_commune_naissance,0606,0104,pièce AN-004983,R05,2026-09-22,corrigé
ENR-001515,code_commune_naissance,0501,0605,pièce CC-001478,R05,2026-09-22,corrigé
ENR-001667,code_commune_naissance,1102,1006,pièce PP-003027,R05,2026-09-22,corrigé
ENR-001695,code_commune_naissance,1104,0904,pièce AN-003856,R05,2026-09-22,corrigé
ENR-001926,code_commune_naissance,1007,0204,pièce AN-003787,R05,2026-09-22,corrigé
ENR-002036,code_commune_naissance,0905,0306,pièce CC-004331,R05,2026-09-22,corrigé
ENR-002289,code_commune_naissance,0606,0203,pièce AN-003894,R05,2026-09-22,corrigé
ENR-002603,code_commune_naissance,0399,0604,pièce AN-003938,R05,2026-09-22,corrigé
ENR-002626,code_commune_naissance,0407,0403,pièce CC-003441,R05,2026-09-22,corrigé
ENR-002648,code_commune_naissance,0105,0408,pièce AN-000660,R05,2026-09-22,corrigé
ENR-002827,code_commune_naissance,9999,0405,pièce AN-003797,R05,2026-09-22,corrigé
ENR-002944,code_commune_naissance,0505,0307,pièce AN-004924,R05,2026-09-22,corrigé
ENR-003153,code_commune_naissance,0105,0405,pièce AN-003561,R05,2026-09-22,corrigé
ENR-003346,code_commune_naissance,0406,0204,pièce AN-003272,R05,2026-09-22,corrigé
ENR-003422,code_commune_naissance,0407,1002,pièce AN-001768,R05,2026-09-22,corrigé
ENR-003510,code_commune_naissance,1201,0106,pièce AN-000967,R05,2026-09-22,corrigé
ENR-003540,code_commune_naissance,0902,0102,pièce CC-002640,R05,2026-09-22,corrigé
ENR-003570,code_commune_naissance,0399,0905,pièce PP-001394,R05,2026-09-22,corrigé
ENR-003582,code_commune_naissance,0399,0207,pièce AN-004116,R05,2026-09-22,corrigé
ENR-003914,code_commune_naissance,9999,0302,pièce PP-000514,R05,2026-09-22,corrigé
ENR-003919,code_commune_naissance,0202,0506,pièce AN-002833,R05,2026-09-22,corrigé
ENR-003973,code_commune_naissance,0399,0703,pièce AN-000439,R05,2026-09-22,corrigé
ENR-004082,code_commune_naissance,0000,0606,pièce PP-001202,R05,2026-09-22,corrigé
ENR-004170,code_commune_naissance,9999,0703,pièce AN-004727,R05,2026-09-22,corrigé
ENR-004213,code_commune_naissance,0201,0207,pièce PP-003448,R05,2026-09-22,corrigé
ENR-004244,code_commune_naissance,1299,0801,pièce AN-000230,R05,2026-09-22,corrigé
ENR-004310,code_commune_naissance,1004,0306,pièce AN-003444,R05,2026-09-22,corrigé
ENR-004313,code_commune_naissance,0208,1006,pièce CC-003690,R05,2026-09-22,corrigé
ENR-004319,code_commune_naissance,0199,0504,pièce AN-001345,R05,2026-09-22,corrigé
ENR-004408,code_commune_naissance,0199,1102,pièce AN-003008,R05,2026-09-22,corrigé
ENR-004412,code_commune_naissance,0405,0703,pièce AN-004156,R05,2026-09-22,corrigé
ENR-004514,code_commune_naissance,1202,0102,pièce CC-000180,R05,2026-09-22,corrigé
ENR-004558,code_commune_naissance,1299,0504,pièce CC-001892,R05,2026-09-22,corrigé
ENR-004618,code_commune_naissance,9999,0205,pièce PP-003061,R05,2026-09-22,corrigé
ENR-004627,code_commune_naissance,0199,0408,pièce AN-002064,R05,2026-09-22,corrigé
ENR-004638,code_commune_naissance,0199,1207,pièce AN-001133,R05,2026-09-22,corrigé
ENR-004678,code_commune_naissance,9999,0502,pièce AN-002992,R05,2026-09-22,corrigé
ENR-004836,code_commune_naissance,0305,0606,pièce AN-000203,R05,2026-09-22,corrigé
ENR-004925,code_commune_naissance,9999,0704,pièce AN-002650,R05,2026-09-22,corrigé
ENR-004931,code_commune_naissance,0000,0406,pièce PP-001079,R05,2026-09-22,corrigé
ENR-005018,code_commune_naissance,0199,0206,pièce AN-004591,R05,2026-09-22,corrigé
ENR-005043,code_commune_naissance,0408,0602,pièce AN-001888,R05,2026-09-22,corrigé
ENR-000303,date_naissance,2025-10-17,1975-06-02,pièce AN-004948,R06,2026-09-22,corrigé
ENR-000587,date_naissance,2025-08-18,1995-12-06,pièce AN-001139,R06,2026-09-22,corrigé
ENR-000803,date_naissance,2025-07-13,1995-11-19,pièce AN-002893,R06,2026-09-22,corrigé
ENR-001233,date_naissance,2026-04-22,1981-02-26,pièce CC-003037,R06,2026-09-22,corrigé
ENR-001681,date_naissance,2026-01-25,1990-08-08,pièce AN-002327,R06,2026-09-22,corrigé
ENR-001802,date_naissance,2026-07-10,1996-02-28,pièce CC-002771,R06,2026-09-22,corrigé
ENR-002058,date_naissance,2026-03-24,2015-04-29,pièce AN-000663,R06,2026-09-22,corrigé
ENR-002724,date_naissance,2026-10-25,2022-05-16,pièce PP-003905,R06,2026-09-22,corrigé
ENR-003013,date_naissance,2026-10-09,2018-11-16,pièce AN-000911,R06,2026-09-22,corrigé
ENR-003262,date_naissance,2026-10-27,1963-07-03,pièce AN-002194,R06,2026-09-22,corrigé
ENR-004166,date_naissance,2026-04-11,1979-09-15,pièce AN-003103,R06,2026-09-22,corrigé
ENR-004671,date_naissance,2027-06-07,1972-07-30,pièce AN-003839,R06,2026-09-22,corrigé
ENR-000002,date_naissance,1902-03-06,1964-02-19,pièce AN-000672,R07,2026-09-22,corrigé
ENR-000584,date_naissance,1894-07-16,1981-09-05,pièce AN-000248,R07,2026-09-22,corrigé
ENR-001082,date_naissance,1900-08-05,1992-11-30,pièce AN-003149,R07,2026-09-22,corrigé
ENR-001357,date_naissance,1891-09-20,2018-08-09,pièce AN-002728,R07,2026-09-22,corrigé
ENR-001601,date_naissance,1903-07-16,2001-06-21,pièce AN-002797,R07,2026-09-22,corrigé
ENR-003373,date_naissance,1900-08-25,1988-01-01,pièce PP-001182,R07,2026-09-22,corrigé
ENR-003630,date_naissance,1889-03-17,1972-12-31,pièce PP-004649,R07,2026-09-22,corrigé
ENR-004102,date_naissance,1893-09-14,2000-06-02,pièce AN-004592,R07,2026-09-22,corrigé
ENR-004469,date_naissance,1886-12-03,1975-12-24,pièce AN-003620,R07,2026-09-22,corrigé
ENR-004749,date_naissance,1900-12-13,2024-03-23,pièce CC-002159,R07,2026-09-22,corrigé
ENR-000086,code_commune_naissance,0399,0304,pièce AN-000895,R08,2026-09-22,corrigé
ENR-000232,code_commune_naissance,0199,1009,pièce CC-001460,R08,2026-09-22,corrigé
ENR-001160,code_commune_naissance,0199,1209,pièce AN-000766,R08,2026-09-22,corrigé
ENR-001206,code_commune_naissance,0199,0102,pièce AN-004503,R08,2026-09-22,corrigé
ENR-001276,code_commune_naissance,1299,0502,pièce CC-002946,R08,2026-09-22,corrigé
ENR-001398,code_commune_naissance,0199,1009,pièce AN-002697,R08,2026-09-22,corrigé
ENR-001424,code_commune_naissance,0000,0304,pièce AN-000959,R08,2026-09-22,corrigé
ENR-002603,code_commune_naissance,0399,0604,pièce AN-003938,R08,2026-09-22,corrigé
ENR-002827,code_commune_naissance,9999,0405,pièce AN-003797,R08,2026-09-22,corrigé
ENR-003570,code_commune_naissance,0399,0905,pièce PP-001394,R08,2026-09-22,corrigé
ENR-003582,code_commune_naissance,0399,0207,pièce AN-004116,R08,2026-09-22,corrigé
ENR-003914,code_commune_naissance,9999,0302,pièce PP-000514,R08,2026-09-22,corrigé
ENR-003973,code_commune_naissance,0399,0703,pièce AN-000439,R08,2026-09-22,corrigé
ENR-004082,code_commune_naissance,0000,0606,pièce PP-001202,R08,2026-09-22,corrigé
ENR-004170,code_commune_naissance,9999,0703,pièce AN-004727,R08,2026-09-22,corrigé
ENR-004244,code_commune_naissance,1299,0801,pièce AN-000230,R08,2026-09-22,corrigé
ENR-004319,code_commune_naissance,0199,0504,pièce AN-001345,R08,2026-09-22,corrigé
ENR-004408,code_commune_naissance,0199,1102,pièce AN-003008,R08,2026-09-22,corrigé
ENR-004558,code_commune_naissance,1299,0504,pièce CC-001892,R08,2026-09-22,corrigé
ENR-004618,code_commune_naissance,9999,0205,pièce PP-003061,R08,2026-09-22,corrigé
ENR-004627,code_commune_naissance,0199,0408,pièce AN-002064,R08,2026-09-22,corrigé
ENR-004638,code_commune_naissance,0199,1207,pièce AN-001133,R08,2026-09-22,corrigé
ENR-004678,code_commune_naissance,9999,0502,pièce AN-002992,R08,2026-09-22,corrigé
ENR-004925,code_commune_naissance,9999,0704,pièce AN-002650,R08,2026-09-22,corrigé
ENR-004931,code_commune_naissance,0000,0406,pièce PP-001079,R08,2026-09-22,corrigé
ENR-005018,code_commune_naissance,0199,0206,pièce AN-004591,R08,2026-09-22,corrigé
ENR-000097,nom_mere,,FASSINOU Nadège,pièce PP-004053,R09,2026-09-22,corrigé
ENR-000170,nom_mere,,GLELE Sylvie,pièce AN-000300,R09,2026-09-22,corrigé
ENR-000520,nom_mere,,TCHIBOZO Rosine,pièce AN-001527,R09,2026-09-22,corrigé
ENR-000860,nom_mere,,KIKI Judith,pièce AN-001577,R09,2026-09-22,corrigé
ENR-000917,nom_mere,,CHABI Nadège,pièce AN-002784,R09,2026-09-22,corrigé
ENR-000950,nom_mere,,AMOUSSOU Carine,pièce AN-000167,R09,2026-09-22,corrigé
ENR-000986,nom_mere,,TOSSOU Sylvie,pièce AN-001302,R09,2026-09-22,corrigé
ENR-001169,nom_mere,,FASSINOU Carine,pièce AN-002123,R09,2026-09-22,corrigé
ENR-001659,nom_mere,,AHOUANSOU Nadège,pièce AN-004868,R09,2026-09-22,corrigé
ENR-002137,nom_mere,,DOSSOU Gisèle,pièce CC-004688,R09,2026-09-22,corrigé
ENR-002472,nom_mere,,DANSOU Chimène,pièce AN-001730,R09,2026-09-22,corrigé
ENR-002743,nom_mere,,YAROU Fatoumata,pièce AN-002785,R09,2026-09-22,corrigé
ENR-002858,nom_mere,,DOSSOU Sylvie,pièce AN-004112,R09,2026-09-22,corrigé
ENR-002878,nom_mere,,AGOSSOU Bernice,pièce CC-002691,R09,2026-09-22,corrigé
ENR-002895,nom_mere,,AMOUSSOU Mariam,pièce AN-003964,R09,2026-09-22,corrigé
ENR-002998,nom_mere,,HOUNGBO Sènami,pièce AN-004498,R09,2026-09-22,corrigé
ENR-002999,nom_mere,,HOUNGBO Flore,pièce AN-000351,R09,2026-09-22,corrigé
ENR-003003,nom_mere,,ZANNOU Prudence,pièce AN-002138,R09,2026-09-22,corrigé
ENR-003066,nom_mere,,DANSOU Flore,pièce CC-001980,R09,2026-09-22,corrigé
ENR-003088,nom_mere,,HOUESSOU Nadège,pièce AN-000524,R09,2026-09-22,corrigé
ENR-003361,nom_mere,,AHOUANSOU Bernice,pièce AN-002584,R09,2026-09-22,corrigé
ENR-003458,nom_mere,,AHOUANSOU Espérance,pièce AN-002944,R09,2026-09-22,corrigé
ENR-003466,nom_mere,,KPADONOU Mariam,pièce AN-002272,R09,2026-09-22,corrigé
ENR-003483,nom_mere,,AGBODJAN Rachidatou,pièce AN-001930,R09,2026-09-22,corrigé
ENR-003684,nom_mere,,GBAGUIDI Rosine,pièce CC-004972,R09,2026-09-22,corrigé
ENR-003729,nom_mere,,ADJOVI Rosine,pièce AN-002350,R09,2026-09-22,corrigé
ENR-003875,nom_mere,,GLELE Estelle,pièce AN-004969,R09,2026-09-22,corrigé
ENR-003979,nom_mere,,OSSENI Rosine,pièce AN-000001,R09,2026-09-22,corrigé
ENR-004022,nom_mere,,AGBODJAN Mariam,pièce AN-002286,R09,2026-09-22,corrigé
ENR-004448,nom_mere,,SOULEY Aïcha,pièce AN-001547,R09,2026-09-22,corrigé
ENR-004559,nom_mere,,MENSAH Gisèle,pièce CC-002003,R09,2026-09-22,corrigé
ENR-004865,nom_mere,,TOSSOU Sènami,pièce AN-003524,R09,2026-09-22,corrigé
ENR-004902,nom_mere,,NOUATIN Prudence,pièce CC-002845,R09,2026-09-22,corrigé
ENR-004922,nom_mere,,OSSENI Espérance,pièce PP-002232,R09,2026-09-22,corrigé
ENR-000237,telephone,44103923,,,R10,2026-09-22,à recontacter (aucune pièce ne prouve le numéro)
ENR-000426,telephone,0201172119,,,R10,2026-09-22,à recontacter (aucune pièce ne prouve le numéro)
ENR-000430,telephone,019472183701,,,R10,2026-09-22,à recontacter (aucune pièce ne prouve le numéro)
ENR-000497,telephone,289264104,,,R10,2026-09-22,à recontacter (aucune pièce ne prouve le numéro)
ENR-000506,telephone,0286976490,,,R10,2026-09-22,à recontacter (aucune pièce ne prouve le numéro)
ENR-000579,telephone,48834084,,,R10,2026-09-22,à recontacter (aucune pièce ne prouve le numéro)
ENR-000666,telephone,89659378,,,R10,2026-09-22,à recontacter (aucune pièce ne prouve le numéro)
ENR-000678,telephone,013085915671,,,R10,2026-09-22,à recontacter (aucune pièce ne prouve le numéro)
ENR-000849,telephone,019000763723,,,R10,2026-09-22,à recontacter (aucune pièce ne prouve le numéro)
ENR-000975,telephone,019466186234,,,R10,2026-09-22,à recontacter (aucune pièce ne prouve le numéro)
ENR-001084,telephone,582191872,,,R10,2026-09-22,à recontacter (aucune pièce ne prouve le numéro)
ENR-001086,telephone,013745997160,,,R10,2026-09-22,à recontacter (aucune pièce ne prouve le numéro)
ENR-001384,telephone,07328315,,,R10,2026-09-22,à recontacter (aucune pièce ne prouve le numéro)
ENR-001492,telephone,014197022845,,,R10,2026-09-22,à recontacter (aucune pièce ne prouve le numéro)
ENR-001615,telephone,130655229,,,R10,2026-09-22,à recontacter (aucune pièce ne prouve le numéro)
ENR-001726,telephone,66200543,,,R10,2026-09-22,à recontacter (aucune pièce ne prouve le numéro)
ENR-001757,telephone,014478378305,,,R10,2026-09-22,à recontacter (aucune pièce ne prouve le numéro)
ENR-002064,telephone,018048790501,,,R10,2026-09-22,à recontacter (aucune pièce ne prouve le numéro)
ENR-002073,telephone,077089061,,,R10,2026-09-22,à recontacter (aucune pièce ne prouve le numéro)
ENR-002102,telephone,909600262,,,R10,2026-09-22,à recontacter (aucune pièce ne prouve le numéro)
ENR-002117,telephone,251525991,,,R10,2026-09-22,à recontacter (aucune pièce ne prouve le numéro)
ENR-002310,telephone,077299757,,,R10,2026-09-22,à recontacter (aucune pièce ne prouve le numéro)
ENR-002515,telephone,01O2355998,,,R10,2026-09-22,à recontacter (aucune pièce ne prouve le numéro)
ENR-002517,telephone,01O2983773,,,R10,2026-09-22,à recontacter (aucune pièce ne prouve le numéro)
ENR-002521,telephone,86191848,,,R10,2026-09-22,à recontacter (aucune pièce ne prouve le numéro)
ENR-002694,telephone,0284801670,,,R10,2026-09-22,à recontacter (aucune pièce ne prouve le numéro)
ENR-002750,telephone,01O2068226,,,R10,2026-09-22,à recontacter (aucune pièce ne prouve le numéro)
ENR-002888,telephone,012246501477,,,R10,2026-09-22,à recontacter (aucune pièce ne prouve le numéro)
ENR-003092,telephone,01O2144754,,,R10,2026-09-22,à recontacter (aucune pièce ne prouve le numéro)
ENR-003155,telephone,01O2302332,,,R10,2026-09-22,à recontacter (aucune pièce ne prouve le numéro)
ENR-003179,telephone,012885889360,,,R10,2026-09-22,à recontacter (aucune pièce ne prouve le numéro)
ENR-003661,telephone,01O2127642,,,R10,2026-09-22,à recontacter (aucune pièce ne prouve le numéro)
ENR-003709,telephone,01O2929458,,,R10,2026-09-22,à recontacter (aucune pièce ne prouve le numéro)
ENR-003765,telephone,147750683,,,R10,2026-09-22,à recontacter (aucune pièce ne prouve le numéro)
ENR-003781,telephone,03276498,,,R10,2026-09-22,à recontacter (aucune pièce ne prouve le numéro)
ENR-003841,telephone,013462727135,,,R10,2026-09-22,à recontacter (aucune pièce ne prouve le numéro)
ENR-003986,telephone,0285845104,,,R10,2026-09-22,à recontacter (aucune pièce ne prouve le numéro)
ENR-004068,telephone,870789598,,,R10,2026-09-22,à recontacter (aucune pièce ne prouve le numéro)
ENR-004086,telephone,0239985785,,,R10,2026-09-22,à recontacter (aucune pièce ne prouve le numéro)
ENR-004243,telephone,016209999808,,,R10,2026-09-22,à recontacter (aucune pièce ne prouve le numéro)
ENR-004320,telephone,14851733,,,R10,2026-09-22,à recontacter (aucune pièce ne prouve le numéro)
ENR-004343,telephone,09235523,,,R10,2026-09-22,à recontacter (aucune pièce ne prouve le numéro)
ENR-004522,telephone,01O2029845,,,R10,2026-09-22,à recontacter (aucune pièce ne prouve le numéro)
ENR-004676,telephone,0242031185,,,R10,2026-09-22,à recontacter (aucune pièce ne prouve le numéro)
ENR-004890,telephone,01O2011758,,,R10,2026-09-22,à recontacter (aucune pièce ne prouve le numéro)
ENR-004934,telephone,82286154,,,R10,2026-09-22,à recontacter (aucune pièce ne prouve le numéro)
ENR-000299,id_piece,CC-002414,,,R11,2026-09-22,"à arbitrer (doublon, décision d'un responsable)"
ENR-000694,id_piece,AN-000816,,,R11,2026-09-22,"à arbitrer (doublon, décision d'un responsable)"
ENR-000731,id_piece,PP-002182,,,R11,2026-09-22,"à arbitrer (doublon, décision d'un responsable)"
ENR-000796,id_piece,CC-001198,,,R11,2026-09-22,"à arbitrer (doublon, décision d'un responsable)"
ENR-000847,id_piece,AN-001398,,,R11,2026-09-22,"à arbitrer (doublon, décision d'un responsable)"
ENR-001055,id_piece,AN-004939,,,R11,2026-09-22,"à arbitrer (doublon, décision d'un responsable)"
ENR-001072,id_piece,AN-001829,,,R11,2026-09-22,"à arbitrer (doublon, décision d'un responsable)"
ENR-001119,id_piece,AN-001106,,,R11,2026-09-22,"à arbitrer (doublon, décision d'un responsable)"
ENR-001143,id_piece,AN-002093,,,R11,2026-09-22,"à arbitrer (doublon, décision d'un responsable)"
ENR-001227,id_piece,AN-003666,,,R11,2026-09-22,"à arbitrer (doublon, décision d'un responsable)"
ENR-001247,id_piece,AN-004328,,,R11,2026-09-22,"à arbitrer (doublon, décision d'un responsable)"
ENR-001248,id_piece,CC-003165,,,R11,2026-09-22,"à arbitrer (doublon, décision d'un responsable)"
ENR-001259,id_piece,AN-003711,,,R11,2026-09-22,"à arbitrer (doublon, décision d'un responsable)"
ENR-001451,id_piece,AN-000603,,,R11,2026-09-22,"à arbitrer (doublon, décision d'un responsable)"
ENR-001497,id_piece,CC-002193,,,R11,2026-09-22,"à arbitrer (doublon, décision d'un responsable)"
ENR-001932,id_piece,AN-002976,,,R11,2026-09-22,"à arbitrer (doublon, décision d'un responsable)"
ENR-002037,id_piece,AN-003313,,,R11,2026-09-22,"à arbitrer (doublon, décision d'un responsable)"
ENR-002124,id_piece,AN-001254,,,R11,2026-09-22,"à arbitrer (doublon, décision d'un responsable)"
ENR-002140,id_piece,AN-001485,,,R11,2026-09-22,"à arbitrer (doublon, décision d'un responsable)"
ENR-002241,id_piece,AN-004125,,,R11,2026-09-22,"à arbitrer (doublon, décision d'un responsable)"
ENR-002242,id_piece,AN-002250,,,R11,2026-09-22,"à arbitrer (doublon, décision d'un responsable)"
ENR-002321,id_piece,AN-002537,,,R11,2026-09-22,"à arbitrer (doublon, décision d'un responsable)"
ENR-002394,id_piece,PP-003744,,,R11,2026-09-22,"à arbitrer (doublon, décision d'un responsable)"
ENR-002405,id_piece,AN-002379,,,R11,2026-09-22,"à arbitrer (doublon, décision d'un responsable)"
ENR-002438,id_piece,CC-001702,,,R11,2026-09-22,"à arbitrer (doublon, décision d'un responsable)"
ENR-002452,id_piece,AN-004783,,,R11,2026-09-22,"à arbitrer (doublon, décision d'un responsable)"
ENR-002506,id_piece,AN-001374,,,R11,2026-09-22,"à arbitrer (doublon, décision d'un responsable)"
ENR-002682,id_piece,AN-000818,,,R11,2026-09-22,"à arbitrer (doublon, décision d'un responsable)"
ENR-002719,id_piece,PP-003100,,,R11,2026-09-22,"à arbitrer (doublon, décision d'un responsable)"
ENR-002808,id_piece,PP-001096,,,R11,2026-09-22,"à arbitrer (doublon, décision d'un responsable)"
ENR-002849,id_piece,CC-000685,,,R11,2026-09-22,"à arbitrer (doublon, décision d'un responsable)"
ENR-003023,id_piece,AN-003863,,,R11,2026-09-22,"à arbitrer (doublon, décision d'un responsable)"
ENR-003029,id_piece,AN-000268,,,R11,2026-09-22,"à arbitrer (doublon, décision d'un responsable)"
ENR-003117,id_piece,AN-003570,,,R11,2026-09-22,"à arbitrer (doublon, décision d'un responsable)"
ENR-003206,id_piece,AN-003219,,,R11,2026-09-22,"à arbitrer (doublon, décision d'un responsable)"
ENR-003294,id_piece,AN-000069,,,R11,2026-09-22,"à arbitrer (doublon, décision d'un responsable)"
ENR-003409,id_piece,AN-003205,,,R11,2026-09-22,"à arbitrer (doublon, décision d'un responsable)"
ENR-003420,id_piece,CC-000739,,,R11,2026-09-22,"à arbitrer (doublon, décision d'un responsable)"
ENR-003434,id_piece,PP-000866,,,R11,2026-09-22,"à arbitrer (doublon, décision d'un responsable)"
ENR-003473,id_piece,AN-003848,,,R11,2026-09-22,"à arbitrer (doublon, décision d'un responsable)"
ENR-003659,id_piece,AN-004743,,,R11,2026-09-22,"à arbitrer (doublon, décision d'un responsable)"
ENR-003660,id_piece,AN-000875,,,R11,2026-09-22,"à arbitrer (doublon, décision d'un responsable)"
ENR-003708,id_piece,AN-001686,,,R11,2026-09-22,"à arbitrer (doublon, décision d'un responsable)"
ENR-003754,id_piece,AN-000713,,,R11,2026-09-22,"à arbitrer (doublon, décision d'un responsable)"
ENR-003948,id_piece,AN-001675,,,R11,2026-09-22,"à arbitrer (doublon, décision d'un responsable)"
ENR-003958,id_piece,AN-004579,,,R11,2026-09-22,"à arbitrer (doublon, décision d'un responsable)"
ENR-004009,id_piece,AN-004220,,,R11,2026-09-22,"à arbitrer (doublon, décision d'un responsable)"
ENR-004055,id_piece,PP-001054,,,R11,2026-09-22,"à arbitrer (doublon, décision d'un responsable)"
ENR-004071,id_piece,AN-001603,,,R11,2026-09-22,"à arbitrer (doublon, décision d'un responsable)"
ENR-004171,id_piece,AN-002141,,,R11,2026-09-22,"à arbitrer (doublon, décision d'un responsable)"
ENR-004282,id_piece,AN-001170,,,R11,2026-09-22,"à arbitrer (doublon, décision d'un responsable)"
ENR-004435,id_piece,CC-001109,,,R11,2026-09-22,"à arbitrer (doublon, décision d'un responsable)"
ENR-004928,id_piece,AN-004426,,,R11,2026-09-22,"à arbitrer (doublon, décision d'un responsable)"
ENR-005028,id_piece,AN-004262,,,R11,2026-09-22,"à arbitrer (doublon, décision d'un responsable)"
ENR-005055,id_piece,AN-004762,,,R11,2026-09-22,"à arbitrer (doublon, décision d'un responsable)"
ENR-005056,id_piece,AN-003474,,,R11,2026-09-22,"à arbitrer (doublon, décision d'un responsable)"
ENR-005057,id_piece,AN-004559,,,R11,2026-09-22,"à arbitrer (doublon, décision d'un responsable)"
ENR-005058,id_piece,AN-002396,,,R11,2026-09-22,"à arbitrer (doublon, décision d'un responsable)"
ENR-005059,id_piece,AN-000908,,,R11,2026-09-22,"à arbitrer (doublon, décision d'un responsable)"
ENR-005060,id_piece,AN-000862,,,R11,2026-09-22,"à arbitrer (doublon, décision d'un responsable)"
