id_enrolement,id_piece,type_anomalie,regles_attendues,champ,valeur_saisie,valeur_attendue
ENR-000002,AN-000672,AGE_INVRAISEMBLABLE,R03;R07,date_naissance,1902-03-06,1964-02-19
ENR-000056,AN-001587,ECART_DATE_NAISSANCE,R03,date_naissance,1999-07-23,1999-07-22
ENR-000061,CC-004765,ECART_DATE_NAISSANCE,R03,date_naissance,2001-06-25,2001-05-26
ENR-000065,AN-000854,ECART_NOM,R01,nom,MENASH,MENSAH
ENR-000086,AN-000895,CODE_COMMUNE_INEXISTANT,R05;R08,code_commune_naissance,0399,0304
ENR-000097,PP-004053,CHAMP_OBLIGATOIRE_MANQUANT,R09,nom_mere,,FASSINOU Nadège
ENR-000170,AN-000300,CHAMP_OBLIGATOIRE_MANQUANT,R09,nom_mere,,GLELE Sylvie
ENR-000225,AN-001048,ECART_NOM,R01,nom,CHAFI,CHABI
ENR-000232,CC-001460,CODE_COMMUNE_INEXISTANT,R05;R08,code_commune_naissance,0199,1009
ENR-000237,CC-004104,TELEPHONE_INVALIDE,R10,telephone,44103923,(numéro valide attendu : 01 + 8 chiffres)
ENR-000260,AN-001698,ECART_LIEU_NAISSANCE,R05,code_commune_naissance,1008,0704
ENR-000299,CC-002414,DOUBLON,R11,id_piece,CC-002414,déjà enrôlé sous ENR-000079
ENR-000303,AN-004948,DATE_NAISSANCE_POSTERIEURE,R03;R06,date_naissance,2025-10-17,1975-06-02
ENR-000304,CC-004999,ECART_DATE_NAISSANCE,R03,date_naissance,1972-06-07,1972-07-06
ENR-000345,PP-001232,ECART_SEXE,R04,sexe,M,F
ENR-000360,AN-004337,ECART_PRENOMS,R02,prenoms,Kofi,Koffi
ENR-000375,AN-003133,ECART_PRENOMS,R02,prenoms,Ibrahio,Ibrahim
ENR-000426,AN-000761,TELEPHONE_INVALIDE,R10,telephone,0201172119,(numéro valide attendu : 01 + 8 chiffres)
ENR-000430,AN-004039,TELEPHONE_INVALIDE,R10,telephone,019472183701,(numéro valide attendu : 01 + 8 chiffres)
ENR-000493,PP-000222,ECART_DATE_NAISSANCE,R03,date_naissance,1982-06-13,1981-06-13
ENR-000497,PP-001992,TELEPHONE_INVALIDE,R10,telephone,289264104,(numéro valide attendu : 01 + 8 chiffres)
ENR-000504,AN-002443,ECART_LIEU_NAISSANCE,R05,code_commune_naissance,1001,0402
ENR-000506,AN-003261,TELEPHONE_INVALIDE,R10,telephone,0286976490,(numéro valide attendu : 01 + 8 chiffres)
ENR-000520,AN-001527,CHAMP_OBLIGATOIRE_MANQUANT,R09,nom_mere,,TCHIBOZO Rosine
ENR-000568,AN-002734,ECART_SEXE,R04,sexe,M,F
ENR-000575,AN-000481,ECART_PRENOMS,R02,prenoms,SSerge,Serge
ENR-000579,AN-002800,TELEPHONE_INVALIDE,R10,telephone,48834084,(numéro valide attendu : 01 + 8 chiffres)
ENR-000584,AN-000248,AGE_INVRAISEMBLABLE,R03;R07,date_naissance,1894-07-16,1981-09-05
ENR-000587,AN-001139,DATE_NAISSANCE_POSTERIEURE,R03;R06,date_naissance,2025-08-18,1995-12-06
ENR-000626,CC-002421,ECART_NOM,R01,nom,OUSENI,OSSENI
ENR-000632,CC-000943,ECART_PRENOMS,R02,prenoms,Fidèe,Fidèle
ENR-000646,CC-000521,ECART_NOM,R01,nom,DANSZU,DANSOU
ENR-000666,AN-002295,TELEPHONE_INVALIDE,R10,telephone,89659378,(numéro valide attendu : 01 + 8 chiffres)
ENR-000678,AN-004606,TELEPHONE_INVALIDE,R10,telephone,013085915671,(numéro valide attendu : 01 + 8 chiffres)
ENR-000684,AN-001708,ECART_PRENOMS,R02,prenoms,Serg,Serge
ENR-000694,AN-000816,DOUBLON,R11,id_piece,AN-000816,déjà enrôlé sous ENR-000115
ENR-000698,CC-002811,ECART_DATE_NAISSANCE,R03,date_naissance,2005-07-04,2005-06-24
ENR-000727,AN-004301,ECART_DATE_NAISSANCE,R03,date_naissance,1993-05-25,1993-05-15
ENR-000728,AN-004600,ECART_NOM,R01,nom,SOSSOUU,SOSSOU
ENR-000731,PP-002182,DOUBLON,R11,id_piece,PP-002182,déjà enrôlé sous ENR-000272
ENR-000748,AN-001488,ECART_SEXE,R04,sexe,M,F
ENR-000762,AN-003684,ECART_NOM,R01,nom,GBAGUIDII,GBAGUIDI
ENR-000772,CC-003918,ECART_NOM,R01,nom,TSHIBOZO,TCHIBOZO
ENR-000776,AN-000649,ECART_SEXE,R04,sexe,M,F
ENR-000793,CC-004684,ECART_PRENOMS,R02,prenoms,Gildas Brice,Brice Gildas
ENR-000795,CC-004804,ECART_PRENOMS,R02,prenoms,Carine Flore,Flore Carine
ENR-000796,CC-001198,DOUBLON,R11,id_piece,CC-001198,déjà enrôlé sous ENR-000368
ENR-000803,AN-002893,DATE_NAISSANCE_POSTERIEURE,R03;R06,date_naissance,2025-07-13,1995-11-19
ENR-000830,AN-000820,ECART_LIEU_NAISSANCE,R05,code_commune_naissance,0209,1203
ENR-000847,AN-001398,DOUBLON,R11,id_piece,AN-001398,déjà enrôlé sous ENR-000003
ENR-000849,AN-000575,TELEPHONE_INVALIDE,R10,telephone,019000763723,(numéro valide attendu : 01 + 8 chiffres)
ENR-000852,PP-002326,ECART_NOM,R01,nom,CHABBI,CHABI
ENR-000860,AN-001577,CHAMP_OBLIGATOIRE_MANQUANT,R09,nom_mere,,KIKI Judith
ENR-000868,AN-001034,ECART_NOM,R01,nom,ALLADAYEE,ALLADAYE
ENR-000880,AN-002837,ECART_PRENOMS,R02,prenoms,Flore Chimène,Chimène Flore
ENR-000909,AN-004044,ECART_NOM,R01,nom,SOULIY,SOULEY
ENR-000917,AN-002784,CHAMP_OBLIGATOIRE_MANQUANT,R09,nom_mere,,CHABI Nadège
ENR-000937,PP-003080,ECART_PRENOMS,R02,prenoms,Urich,Ulrich
ENR-000940,AN-000886,ECART_LIEU_NAISSANCE,R05,code_commune_naissance,1006,0605
ENR-000950,AN-000167,CHAMP_OBLIGATOIRE_MANQUANT,R09,nom_mere,,AMOUSSOU Carine
ENR-000960,AN-003944,ECART_LIEU_NAISSANCE,R05,code_commune_naissance,0201,0405
ENR-000975,AN-004881,TELEPHONE_INVALIDE,R10,telephone,019466186234,(numéro valide attendu : 01 + 8 chiffres)
ENR-000986,AN-001302,CHAMP_OBLIGATOIRE_MANQUANT,R09,nom_mere,,TOSSOU Sylvie
ENR-001006,AN-004956,ECART_NOM,R01,nom,ADJOVQ,ADJOVI
ENR-001018,AN-001430,ECART_PRENOMS,R02,prenoms,Rachd,Rachid
ENR-001024,AN-001428,ECART_PRENOMS,R02,prenoms,Gildas Arnaud,Arnaud Gildas
ENR-001031,AN-000621,ECART_NOM,R01,nom,HOLNGBO,HOUNGBO
ENR-001055,AN-004939,DOUBLON,R11,id_piece,AN-004939,déjà enrôlé sous ENR-000403
ENR-001059,AN-000916,ECART_DATE_NAISSANCE,R03,date_naissance,1979-05-08,1979-08-05
ENR-001072,AN-001829,DOUBLON,R11,id_piece,AN-001829,déjà enrôlé sous ENR-000988
ENR-001082,AN-003149,AGE_INVRAISEMBLABLE,R03;R07,date_naissance,1900-08-05,1992-11-30
ENR-001084,AN-004540,TELEPHONE_INVALIDE,R10,telephone,582191872,(numéro valide attendu : 01 + 8 chiffres)
ENR-001086,AN-000624,TELEPHONE_INVALIDE,R10,telephone,013745997160,(numéro valide attendu : 01 + 8 chiffres)
ENR-001113,AN-000883,ECART_DATE_NAISSANCE,R03,date_naissance,2014-05-24,2013-05-24
ENR-001119,AN-001106,DOUBLON,R11,id_piece,AN-001106,déjà enrôlé sous ENR-000786
ENR-001137,AN-002977,ECART_DATE_NAISSANCE,R03,date_naissance,2010-01-15,2010-01-12
ENR-001143,AN-002093,DOUBLON,R11,id_piece,AN-002093,déjà enrôlé sous ENR-000479
ENR-001150,AN-001753,ECART_LIEU_NAISSANCE,R05,code_commune_naissance,0202,0205
ENR-001153,AN-004289,ECART_DATE_NAISSANCE,R03,date_naissance,1991-04-25,1991-03-26
ENR-001160,AN-000766,CODE_COMMUNE_INEXISTANT,R05;R08,code_commune_naissance,0199,1209
ENR-001169,AN-002123,CHAMP_OBLIGATOIRE_MANQUANT,R09,nom_mere,,FASSINOU Carine
ENR-001194,AN-001771,ECART_DATE_NAISSANCE,R03,date_naissance,2003-05-06,2003-06-05
ENR-001206,AN-004503,CODE_COMMUNE_INEXISTANT,R05;R08,code_commune_naissance,0199,0102
ENR-001219,AN-001118,ECART_DATE_NAISSANCE,R03,date_naissance,1998-09-16,1998-09-15
ENR-001227,AN-003666,DOUBLON,R11,id_piece,AN-003666,déjà enrôlé sous ENR-001083
ENR-001232,AN-002712,ECART_DATE_NAISSANCE,R03,date_naissance,1971-10-17,1971-10-14
ENR-001233,CC-003037,DATE_NAISSANCE_POSTERIEURE,R03;R06,date_naissance,2026-04-22,1981-02-26
ENR-001247,AN-004328,DOUBLON,R11,id_piece,AN-004328,déjà enrôlé sous ENR-000713
ENR-001248,CC-003165,DOUBLON,R11,id_piece,CC-003165,déjà enrôlé sous ENR-000769
ENR-001254,PP-001593,ECART_DATE_NAISSANCE,R03,date_naissance,2008-08-07,2008-07-08
ENR-001258,AN-003196,ECART_LIEU_NAISSANCE,R05,code_commune_naissance,0801,0406
ENR-001259,AN-003711,DOUBLON,R11,id_piece,AN-003711,déjà enrôlé sous ENR-000412
ENR-001271,CC-001454,ECART_LIEU_NAISSANCE,R05,code_commune_naissance,1203,1004
ENR-001276,CC-002946,CODE_COMMUNE_INEXISTANT,R05;R08,code_commune_naissance,1299,0502
ENR-001294,CC-002241,ECART_NOM,R01,nom,HOUESOU,HOUESSOU
ENR-001295,AN-003445,ECART_DATE_NAISSANCE,R03,date_naissance,1994-11-06,1994-11-03
ENR-001357,AN-002728,AGE_INVRAISEMBLABLE,R03;R07,date_naissance,1891-09-20,2018-08-09
ENR-001360,CC-003703,ECART_DATE_NAISSANCE,R03,date_naissance,2008-03-21,2008-03-18
ENR-001375,AN-002161,ECART_DATE_NAISSANCE,R03,date_naissance,2002-09-28,2002-09-27
ENR-001384,AN-003253,TELEPHONE_INVALIDE,R10,telephone,07328315,(numéro valide attendu : 01 + 8 chiffres)
ENR-001389,AN-000525,ECART_NOM,R01,nom,OHUNSOU,HOUNSOU
ENR-001398,AN-002697,CODE_COMMUNE_INEXISTANT,R05;R08,code_commune_naissance,0199,1009
ENR-001416,CC-001801,ECART_PRENOMS,R02,prenoms,hGislain,Ghislain
ENR-001424,AN-000959,CODE_COMMUNE_INEXISTANT,R05;R08,code_commune_naissance,0000,0304
ENR-001451,AN-000603,DOUBLON,R11,id_piece,AN-000603,déjà enrôlé sous ENR-001354
ENR-001455,PP-001757,ECART_PRENOMS,R02,prenoms,Salamtaou,Salamatou
ENR-001468,AN-002701,ECART_DATE_NAISSANCE,R03,date_naissance,1961-05-22,1960-05-22
ENR-001489,AN-001257,ECART_NOM,R01,nom,DDOSSOU,DOSSOU
ENR-001492,AN-002423,TELEPHONE_INVALIDE,R10,telephone,014197022845,(numéro valide attendu : 01 + 8 chiffres)
ENR-001494,AN-003779,ECART_NOM,R01,nom,GLEELE,GLELE
ENR-001497,CC-002193,DOUBLON,R11,id_piece,CC-002193,déjà enrôlé sous ENR-000664
ENR-001507,AN-002278,ECART_DATE_NAISSANCE,R03,date_naissance,1997-11-16,1997-11-14
ENR-001511,AN-004983,ECART_LIEU_NAISSANCE,R05,code_commune_naissance,0606,0104
ENR-001515,CC-001478,ECART_LIEU_NAISSANCE,R05,code_commune_naissance,0501,0605
ENR-001566,AN-002109,ECART_SEXE,R04,sexe,M,F
ENR-001592,AN-003861,ECART_NOM,R01,nom,IDSISSOU,IDRISSOU
ENR-001601,AN-002797,AGE_INVRAISEMBLABLE,R03;R07,date_naissance,1903-07-16,2001-06-21
ENR-001615,AN-002226,TELEPHONE_INVALIDE,R10,telephone,130655229,(numéro valide attendu : 01 + 8 chiffres)
ENR-001651,PP-000259,ECART_SEXE,R04,sexe,M,F
ENR-001659,AN-004868,CHAMP_OBLIGATOIRE_MANQUANT,R09,nom_mere,,AHOUANSOU Nadège
ENR-001667,PP-003027,ECART_LIEU_NAISSANCE,R05,code_commune_naissance,1102,1006
ENR-001679,PP-000403,ECART_DATE_NAISSANCE,R03,date_naissance,1987-12-02,1987-02-12
ENR-001681,AN-002327,DATE_NAISSANCE_POSTERIEURE,R03;R06,date_naissance,2026-01-25,1990-08-08
ENR-001695,AN-003856,ECART_LIEU_NAISSANCE,R05,code_commune_naissance,1104,0904
ENR-001700,AN-001490,ECART_DATE_NAISSANCE,R03,date_naissance,1962-04-03,1962-03-31
ENR-001712,PP-000996,ECART_NOM,R01,nom,SOELEY,SOULEY
ENR-001717,PP-002930,ECART_PRENOMS,R02,prenoms,Roussa,Moussa
ENR-001726,AN-001840,TELEPHONE_INVALIDE,R10,telephone,66200543,(numéro valide attendu : 01 + 8 chiffres)
ENR-001750,PP-004808,ECART_PRENOMS,R02,prenoms,Codjjo,Codjo
ENR-001757,AN-000030,TELEPHONE_INVALIDE,R10,telephone,014478378305,(numéro valide attendu : 01 + 8 chiffres)
ENR-001766,AN-004614,ECART_PRENOMS,R02,prenoms,Sergge,Serge
ENR-001802,CC-002771,DATE_NAISSANCE_POSTERIEURE,R03;R06,date_naissance,2026-07-10,1996-02-28
ENR-001805,AN-000518,ECART_PRENOMS,R02,prenoms,Salaiatou,Salamatou
ENR-001826,AN-001738,ECART_DATE_NAISSANCE,R03,date_naissance,1998-10-05,1998-05-10
ENR-001827,PP-001833,ECART_DATE_NAISSANCE,R03,date_naissance,2021-06-10,2021-10-06
ENR-001894,AN-003481,ECART_NOM,R01,nom,ODJIA,CODJIA
ENR-001901,AN-004782,ECART_SEXE,R04,sexe,F,M
ENR-001914,AN-001359,ECART_NOM,R01,nom,APOVI,AKPOVI
ENR-001926,AN-003787,ECART_LIEU_NAISSANCE,R05,code_commune_naissance,1007,0204
ENR-001932,AN-002976,DOUBLON,R11,id_piece,AN-002976,déjà enrôlé sous ENR-001677
ENR-001998,AN-000421,ECART_DATE_NAISSANCE,R03,date_naissance,1955-08-08,1955-07-29
ENR-002016,AN-001665,ECART_SEXE,R04,sexe,F,M
ENR-002036,CC-004331,ECART_LIEU_NAISSANCE,R05,code_commune_naissance,0905,0306
ENR-002037,AN-003313,DOUBLON,R11,id_piece,AN-003313,déjà enrôlé sous ENR-001972
ENR-002043,AN-002872,ECART_NOM,R01,nom,OSSOU,SOSSOU
ENR-002044,CC-003427,ECART_DATE_NAISSANCE,R03,date_naissance,1979-05-30,1979-05-27
ENR-002048,PP-001449,ECART_DATE_NAISSANCE,R03,date_naissance,1999-12-29,1999-12-28
ENR-002058,AN-000663,DATE_NAISSANCE_POSTERIEURE,R03;R06,date_naissance,2026-03-24,2015-04-29
ENR-002064,AN-004219,TELEPHONE_INVALIDE,R10,telephone,018048790501,(numéro valide attendu : 01 + 8 chiffres)
ENR-002073,AN-001673,TELEPHONE_INVALIDE,R10,telephone,077089061,(numéro valide attendu : 01 + 8 chiffres)
ENR-002079,AN-002554,ECART_SEXE,R04,sexe,M,F
ENR-002082,PP-003658,ECART_PRENOMS,R02,prenoms,Carnie,Carine
ENR-002102,PP-003528,TELEPHONE_INVALIDE,R10,telephone,909600262,(numéro valide attendu : 01 + 8 chiffres)
ENR-002112,AN-001642,ECART_PRENOMS,R02,prenoms,Gisèle Bernice,Bernice Gisèle
ENR-002117,PP-000054,TELEPHONE_INVALIDE,R10,telephone,251525991,(numéro valide attendu : 01 + 8 chiffres)
ENR-002124,AN-001254,DOUBLON,R11,id_piece,AN-001254,déjà enrôlé sous ENR-001763
ENR-002127,AN-001309,ECART_NOM,R01,nom,NGUATIN,NOUATIN
ENR-002137,CC-004688,CHAMP_OBLIGATOIRE_MANQUANT,R09,nom_mere,,DOSSOU Gisèle
ENR-002139,AN-004987,ECART_SEXE,R04,sexe,F,M
ENR-002140,AN-001485,DOUBLON,R11,id_piece,AN-001485,déjà enrôlé sous ENR-001552
ENR-002204,AN-004217,ECART_NOM,R01,nom,TCHIOZO,TCHIBOZO
ENR-002223,AN-002400,ECART_DATE_NAISSANCE,R03,date_naissance,1998-04-01,1998-03-02
ENR-002241,AN-004125,DOUBLON,R11,id_piece,AN-004125,déjà enrôlé sous ENR-001450
ENR-002242,AN-002250,DOUBLON,R11,id_piece,AN-002250,déjà enrôlé sous ENR-001907
ENR-002289,AN-003894,ECART_LIEU_NAISSANCE,R05,code_commune_naissance,0606,0203
ENR-002297,PP-002238,ECART_DATE_NAISSANCE,R03,date_naissance,1968-06-03,1967-06-04
ENR-002301,AN-004390,ECART_NOM,R01,nom,ZANNEU,ZANNOU
ENR-002310,AN-004086,TELEPHONE_INVALIDE,R10,telephone,077299757,(numéro valide attendu : 01 + 8 chiffres)
ENR-002318,AN-004512,ECART_NOM,R01,nom,ADDANDE,ADANDE
ENR-002321,AN-002537,DOUBLON,R11,id_piece,AN-002537,déjà enrôlé sous ENR-002147
ENR-002336,AN-003913,ECART_DATE_NAISSANCE,R03,date_naissance,1968-04-11,1968-11-04
ENR-002369,CC-000968,ECART_NOM,R01,nom,AHOOUANSOU,AHOUANSOU
ENR-002394,PP-003744,DOUBLON,R11,id_piece,PP-003744,déjà enrôlé sous ENR-001721
ENR-002399,AN-002130,ECART_SEXE,R04,sexe,M,F
ENR-002405,AN-002379,DOUBLON,R11,id_piece,AN-002379,déjà enrôlé sous ENR-001616
ENR-002407,AN-000759,ECART_DATE_NAISSANCE,R03,date_naissance,2011-08-21,2011-08-20
ENR-002438,CC-001702,DOUBLON,R11,id_piece,CC-001702,déjà enrôlé sous ENR-001951
ENR-002442,AN-001297,ECART_NOM,R01,nom,AHOANSOU,AHOUANSOU
ENR-002452,AN-004783,DOUBLON,R11,id_piece,AN-004783,déjà enrôlé sous ENR-002340
ENR-002459,AN-002683,ECART_NOM,R01,nom,ADNSOU,DANSOU
ENR-002465,AN-000176,ECART_SEXE,R04,sexe,F,M
ENR-002472,AN-001730,CHAMP_OBLIGATOIRE_MANQUANT,R09,nom_mere,,DANSOU Chimène
ENR-002506,AN-001374,DOUBLON,R11,id_piece,AN-001374,déjà enrôlé sous ENR-002427
ENR-002515,CC-003972,TELEPHONE_INVALIDE,R10,telephone,01O2355998,(numéro valide attendu : 01 + 8 chiffres)
ENR-002517,AN-000762,TELEPHONE_INVALIDE,R10,telephone,01O2983773,(numéro valide attendu : 01 + 8 chiffres)
ENR-002521,AN-002287,TELEPHONE_INVALIDE,R10,telephone,86191848,(numéro valide attendu : 01 + 8 chiffres)
ENR-002523,PP-002926,ECART_PRENOMS,R02,prenoms,Codj,Codjo
ENR-002562,AN-002264,ECART_DATE_NAISSANCE,R03,date_naissance,1997-08-21,1997-08-11
ENR-002581,PP-000284,ECART_PRENOMS,R02,prenoms,Rosine Fatoumata,Fatoumata Rosine
ENR-002603,AN-003938,CODE_COMMUNE_INEXISTANT,R05;R08,code_commune_naissance,0399,0604
ENR-002626,CC-003441,ECART_LIEU_NAISSANCE,R05,code_commune_naissance,0407,0403
ENR-002648,AN-000660,ECART_LIEU_NAISSANCE,R05,code_commune_naissance,0105,0408
ENR-002653,CC-000944,ECART_DATE_NAISSANCE,R03,date_naissance,2015-08-19,2014-08-19
ENR-002679,AN-003749,ECART_PRENOMS,R02,prenoms,Faabrice,Fabrice
ENR-002682,AN-000818,DOUBLON,R11,id_piece,AN-000818,déjà enrôlé sous ENR-002557
ENR-002694,AN-003482,TELEPHONE_INVALIDE,R10,telephone,0284801670,(numéro valide attendu : 01 + 8 chiffres)
ENR-002695,AN-003575,ECART_NOM,R01,nom,MEENSAH,MENSAH
ENR-002715,AN-003298,ECART_NOM,R01,nom,ZINOU,ZINSOU
ENR-002719,PP-003100,DOUBLON,R11,id_piece,PP-003100,déjà enrôlé sous ENR-002213
ENR-002724,PP-003905,DATE_NAISSANCE_POSTERIEURE,R03;R06,date_naissance,2026-10-25,2022-05-16
ENR-002743,AN-002785,CHAMP_OBLIGATOIRE_MANQUANT,R09,nom_mere,,YAROU Fatoumata
ENR-002746,AN-004509,ECART_PRENOMS,R02,prenoms,Comlan Rachid,Rachid Comlan
ENR-002750,CC-002210,TELEPHONE_INVALIDE,R10,telephone,01O2068226,(numéro valide attendu : 01 + 8 chiffres)
ENR-002787,PP-001070,ECART_DATE_NAISSANCE,R03,date_naissance,1993-06-07,1993-07-06
ENR-002790,AN-004261,ECART_PRENOMS,R02,prenoms,Rachiid,Rachid
ENR-002800,AN-004388,ECART_NOM,R01,nom,AGOSSUO,AGOSSOU
ENR-002808,PP-001096,DOUBLON,R11,id_piece,PP-001096,déjà enrôlé sous ENR-002014
ENR-002827,AN-003797,CODE_COMMUNE_INEXISTANT,R05;R08,code_commune_naissance,9999,0405
ENR-002837,AN-004813,ECART_PRENOMS,R02,prenoms,alamatou,Salamatou
ENR-002845,CC-002440,ECART_NOM,R01,nom,CDOJIA,CODJIA
ENR-002847,AN-003534,ECART_DATE_NAISSANCE,R03,date_naissance,1998-07-28,1998-07-18
ENR-002849,CC-000685,DOUBLON,R11,id_piece,CC-000685,déjà enrôlé sous ENR-002469
ENR-002852,AN-001977,ECART_SEXE,R04,sexe,M,F
ENR-002858,AN-004112,CHAMP_OBLIGATOIRE_MANQUANT,R09,nom_mere,,DOSSOU Sylvie
ENR-002877,AN-001028,ECART_DATE_NAISSANCE,R03,date_naissance,2014-09-23,2014-09-21
ENR-002878,CC-002691,CHAMP_OBLIGATOIRE_MANQUANT,R09,nom_mere,,AGOSSOU Bernice
ENR-002888,PP-002069,TELEPHONE_INVALIDE,R10,telephone,012246501477,(numéro valide attendu : 01 + 8 chiffres)
ENR-002895,AN-003964,CHAMP_OBLIGATOIRE_MANQUANT,R09,nom_mere,,AMOUSSOU Mariam
ENR-002899,AN-000098,ECART_SEXE,R04,sexe,M,F
ENR-002914,AN-001204,ECART_DATE_NAISSANCE,R03,date_naissance,1987-03-02,1987-02-03
ENR-002931,AN-001122,ECART_NOM,R01,nom,AKPOVII,AKPOVI
ENR-002944,AN-004924,ECART_LIEU_NAISSANCE,R05,code_commune_naissance,0505,0307
ENR-002968,AN-001368,ECART_DATE_NAISSANCE,R03,date_naissance,1965-05-12,1965-12-05
ENR-002982,AN-001677,ECART_NOM,R01,nom,SSAGBO,SAGBO
ENR-002998,AN-004498,CHAMP_OBLIGATOIRE_MANQUANT,R09,nom_mere,,HOUNGBO Sènami
ENR-002999,AN-000351,CHAMP_OBLIGATOIRE_MANQUANT,R09,nom_mere,,HOUNGBO Flore
ENR-003003,AN-002138,CHAMP_OBLIGATOIRE_MANQUANT,R09,nom_mere,,ZANNOU Prudence
ENR-003011,AN-000291,ECART_NOM,R01,nom,IDJOVI,ADJOVI
ENR-003013,AN-000911,DATE_NAISSANCE_POSTERIEURE,R03;R06,date_naissance,2026-10-09,2018-11-16
ENR-003023,AN-003863,DOUBLON,R11,id_piece,AN-003863,déjà enrôlé sous ENR-002203
ENR-003029,AN-000268,DOUBLON,R11,id_piece,AN-000268,déjà enrôlé sous ENR-002736
ENR-003066,CC-001980,CHAMP_OBLIGATOIRE_MANQUANT,R09,nom_mere,,DANSOU Flore
ENR-003083,AN-001094,ECART_NOM,R01,nom,DOSOU,DOSSOU
ENR-003088,AN-000524,CHAMP_OBLIGATOIRE_MANQUANT,R09,nom_mere,,HOUESSOU Nadège
ENR-003092,AN-001276,TELEPHONE_INVALIDE,R10,telephone,01O2144754,(numéro valide attendu : 01 + 8 chiffres)
ENR-003117,AN-003570,DOUBLON,R11,id_piece,AN-003570,déjà enrôlé sous ENR-002546
ENR-003123,AN-003245,ECART_PRENOMS,R02,prenoms,Fatoumat,Fatoumata
ENR-003140,PP-002135,ECART_DATE_NAISSANCE,R03,date_naissance,2005-12-16,2005-12-15
ENR-003153,AN-003561,ECART_LIEU_NAISSANCE,R05,code_commune_naissance,0105,0405
ENR-003155,AN-000676,TELEPHONE_INVALIDE,R10,telephone,01O2302332,(numéro valide attendu : 01 + 8 chiffres)
ENR-003170,AN-004931,ECART_SEXE,R04,sexe,F,M
ENR-003179,AN-004507,TELEPHONE_INVALIDE,R10,telephone,012885889360,(numéro valide attendu : 01 + 8 chiffres)
ENR-003201,AN-003236,ECART_PRENOMS,R02,prenoms,Sèèvo,Sèmèvo
ENR-003206,AN-003219,DOUBLON,R11,id_piece,AN-003219,déjà enrôlé sous ENR-002643
ENR-003233,AN-002818,ECART_PRENOMS,R02,prenoms,Brice Ibrahim,Ibrahim Brice
ENR-003262,AN-002194,DATE_NAISSANCE_POSTERIEURE,R03;R06,date_naissance,2026-10-27,1963-07-03
ENR-003281,PP-000927,ECART_NOM,R01,nom,CODJIAA,CODJIA
ENR-003285,AN-001436,ECART_DATE_NAISSANCE,R03,date_naissance,1993-01-06,1993-01-05
ENR-003294,AN-000069,DOUBLON,R11,id_piece,AN-000069,déjà enrôlé sous ENR-002539
ENR-003346,AN-003272,ECART_LIEU_NAISSANCE,R05,code_commune_naissance,0406,0204
ENR-003361,AN-002584,CHAMP_OBLIGATOIRE_MANQUANT,R09,nom_mere,,AHOUANSOU Bernice
ENR-003373,PP-001182,AGE_INVRAISEMBLABLE,R03;R07,date_naissance,1900-08-25,1988-01-01
ENR-003387,AN-003319,ECART_DATE_NAISSANCE,R03,date_naissance,1988-07-10,1987-07-11
ENR-003409,AN-003205,DOUBLON,R11,id_piece,AN-003205,déjà enrôlé sous ENR-002825
ENR-003420,CC-000739,DOUBLON,R11,id_piece,CC-000739,déjà enrôlé sous ENR-002637
ENR-003422,AN-001768,ECART_LIEU_NAISSANCE,R05,code_commune_naissance,0407,1002
ENR-003431,AN-001327,ECART_SEXE,R04,sexe,M,F
ENR-003434,PP-000866,DOUBLON,R11,id_piece,PP-000866,déjà enrôlé sous ENR-002699
ENR-003458,AN-002944,CHAMP_OBLIGATOIRE_MANQUANT,R09,nom_mere,,AHOUANSOU Espérance
ENR-003466,AN-002272,CHAMP_OBLIGATOIRE_MANQUANT,R09,nom_mere,,KPADONOU Mariam
ENR-003473,AN-003848,DOUBLON,R11,id_piece,AN-003848,déjà enrôlé sous ENR-002703
ENR-003483,AN-001930,CHAMP_OBLIGATOIRE_MANQUANT,R09,nom_mere,,AGBODJAN Rachidatou
ENR-003510,AN-000967,ECART_LIEU_NAISSANCE,R05,code_commune_naissance,1201,0106
ENR-003533,AN-001053,ECART_DATE_NAISSANCE,R03,date_naissance,2001-07-06,2001-06-26
ENR-003540,CC-002640,ECART_LIEU_NAISSANCE,R05,code_commune_naissance,0902,0102
ENR-003542,AN-003726,ECART_NOM,R01,nom,AANDE,ADANDE
ENR-003570,PP-001394,CODE_COMMUNE_INEXISTANT,R05;R08,code_commune_naissance,0399,0905
ENR-003571,AN-002040,ECART_DATE_NAISSANCE,R03,date_naissance,1947-09-12,1947-09-11
ENR-003573,CC-004544,ECART_PRENOMS,R02,prenoms,Racihd,Rachid
ENR-003582,AN-004116,CODE_COMMUNE_INEXISTANT,R05;R08,code_commune_naissance,0399,0207
ENR-003606,AN-001737,ECART_PRENOMS,R02,prenoms,Ospérance,Espérance
ENR-003624,PP-003104,ECART_NOM,R01,nom,AHOOYO,AHOYO
ENR-003630,PP-004649,AGE_INVRAISEMBLABLE,R03;R07,date_naissance,1889-03-17,1972-12-31
ENR-003651,AN-000214,ECART_NOM,R01,nom,ASSOGBC,ASSOGBA
ENR-003659,AN-004743,DOUBLON,R11,id_piece,AN-004743,déjà enrôlé sous ENR-003010
ENR-003660,AN-000875,DOUBLON,R11,id_piece,AN-000875,déjà enrôlé sous ENR-003575
ENR-003661,CC-001917,TELEPHONE_INVALIDE,R10,telephone,01O2127642,(numéro valide attendu : 01 + 8 chiffres)
ENR-003662,PP-002427,ECART_DATE_NAISSANCE,R03,date_naissance,2016-10-10,2016-09-10
ENR-003684,CC-004972,CHAMP_OBLIGATOIRE_MANQUANT,R09,nom_mere,,GBAGUIDI Rosine
ENR-003708,AN-001686,DOUBLON,R11,id_piece,AN-001686,déjà enrôlé sous ENR-003418
ENR-003709,AN-000206,TELEPHONE_INVALIDE,R10,telephone,01O2929458,(numéro valide attendu : 01 + 8 chiffres)
ENR-003729,AN-002350,CHAMP_OBLIGATOIRE_MANQUANT,R09,nom_mere,,ADJOVI Rosine
ENR-003754,AN-000713,DOUBLON,R11,id_piece,AN-000713,déjà enrôlé sous ENR-003147
ENR-003765,AN-004557,TELEPHONE_INVALIDE,R10,telephone,147750683,(numéro valide attendu : 01 + 8 chiffres)
ENR-003781,CC-002219,TELEPHONE_INVALIDE,R10,telephone,03276498,(numéro valide attendu : 01 + 8 chiffres)
ENR-003784,CC-002996,ECART_SEXE,R04,sexe,F,M
ENR-003832,AN-002320,ECART_DATE_NAISSANCE,R03,date_naissance,1996-08-13,1996-08-11
ENR-003841,AN-003339,TELEPHONE_INVALIDE,R10,telephone,013462727135,(numéro valide attendu : 01 + 8 chiffres)
ENR-003863,AN-002910,ECART_SEXE,R04,sexe,F,M
ENR-003875,AN-004969,CHAMP_OBLIGATOIRE_MANQUANT,R09,nom_mere,,GLELE Estelle
ENR-003891,PP-000960,ECART_NOM,R01,nom,VDOUNON,VODOUNON
ENR-003914,PP-000514,CODE_COMMUNE_INEXISTANT,R05;R08,code_commune_naissance,9999,0302
ENR-003919,AN-002833,ECART_LIEU_NAISSANCE,R05,code_commune_naissance,0202,0506
ENR-003925,AN-000306,ECART_PRENOMS,R02,prenoms,ariam,Mariam
ENR-003936,AN-001823,ECART_DATE_NAISSANCE,R03,date_naissance,1982-07-08,1982-08-07
ENR-003948,AN-001675,DOUBLON,R11,id_piece,AN-001675,déjà enrôlé sous ENR-003639
ENR-003958,AN-004579,DOUBLON,R11,id_piece,AN-004579,déjà enrôlé sous ENR-003180
ENR-003973,AN-000439,CODE_COMMUNE_INEXISTANT,R05;R08,code_commune_naissance,0399,0703
ENR-003979,AN-000001,CHAMP_OBLIGATOIRE_MANQUANT,R09,nom_mere,,OSSENI Rosine
ENR-003986,AN-003257,TELEPHONE_INVALIDE,R10,telephone,0285845104,(numéro valide attendu : 01 + 8 chiffres)
ENR-003991,AN-001007,ECART_NOM,R01,nom,SCHIBOZO,TCHIBOZO
ENR-004000,PP-004321,ECART_PRENOMS,R02,prenoms,Ayaba Aïcha,Aïcha Ayaba
ENR-004009,AN-004220,DOUBLON,R11,id_piece,AN-004220,déjà enrôlé sous ENR-003415
ENR-004022,AN-002286,CHAMP_OBLIGATOIRE_MANQUANT,R09,nom_mere,,AGBODJAN Mariam
ENR-004030,AN-000298,ECART_NOM,R01,nom,SAGGBO,SAGBO
ENR-004040,AN-002733,ECART_NOM,R01,nom,GLEL,GLELE
ENR-004043,AN-003321,ECART_DATE_NAISSANCE,R03,date_naissance,1997-05-19,1997-05-18
ENR-004055,PP-001054,DOUBLON,R11,id_piece,PP-001054,déjà enrôlé sous ENR-003981
ENR-004068,PP-003742,TELEPHONE_INVALIDE,R10,telephone,870789598,(numéro valide attendu : 01 + 8 chiffres)
ENR-004071,AN-001603,DOUBLON,R11,id_piece,AN-001603,déjà enrôlé sous ENR-003398
ENR-004082,PP-001202,CODE_COMMUNE_INEXISTANT,R05;R08,code_commune_naissance,0000,0606
ENR-004086,AN-002929,TELEPHONE_INVALIDE,R10,telephone,0239985785,(numéro valide attendu : 01 + 8 chiffres)
ENR-004102,AN-004592,AGE_INVRAISEMBLABLE,R03;R07,date_naissance,1893-09-14,2000-06-02
ENR-004104,AN-000474,ECART_DATE_NAISSANCE,R03,date_naissance,1969-04-26,1969-04-25
ENR-004122,AN-001458,ECART_NOM,R01,nom,ADNDE,ADANDE
ENR-004136,AN-001716,ECART_PRENOMS,R02,prenoms,Rachidatou Chimène,Chimène Rachidatou
ENR-004138,AN-002077,ECART_NOM,R01,nom,ZISNOU,ZINSOU
ENR-004147,PP-002202,ECART_DATE_NAISSANCE,R03,date_naissance,1944-09-01,1944-01-09
ENR-004156,AN-002522,ECART_NOM,R01,nom,ALLADDAYE,ALLADAYE
ENR-004166,AN-003103,DATE_NAISSANCE_POSTERIEURE,R03;R06,date_naissance,2026-04-11,1979-09-15
ENR-004170,AN-004727,CODE_COMMUNE_INEXISTANT,R05;R08,code_commune_naissance,9999,0703
ENR-004171,AN-002141,DOUBLON,R11,id_piece,AN-002141,déjà enrôlé sous ENR-003476
ENR-004213,PP-003448,ECART_LIEU_NAISSANCE,R05,code_commune_naissance,0201,0207
ENR-004217,AN-000767,ECART_PRENOMS,R02,prenoms,aFtoumata,Fatoumata
ENR-004243,AN-004482,TELEPHONE_INVALIDE,R10,telephone,016209999808,(numéro valide attendu : 01 + 8 chiffres)
ENR-004244,AN-000230,CODE_COMMUNE_INEXISTANT,R05;R08,code_commune_naissance,1299,0801
ENR-004282,AN-001170,DOUBLON,R11,id_piece,AN-001170,déjà enrôlé sous ENR-003778
ENR-004310,AN-003444,ECART_LIEU_NAISSANCE,R05,code_commune_naissance,1004,0306
ENR-004311,AN-003553,ECART_SEXE,R04,sexe,M,F
ENR-004313,CC-003690,ECART_LIEU_NAISSANCE,R05,code_commune_naissance,0208,1006
ENR-004316,AN-004747,ECART_DATE_NAISSANCE,R03,date_naissance,1979-01-07,1979-07-01
ENR-004319,AN-001345,CODE_COMMUNE_INEXISTANT,R05;R08,code_commune_naissance,0199,0504
ENR-004320,AN-002418,TELEPHONE_INVALIDE,R10,telephone,14851733,(numéro valide attendu : 01 + 8 chiffres)
ENR-004342,AN-002577,ECART_SEXE,R04,sexe,F,M
ENR-004343,PP-002675,TELEPHONE_INVALIDE,R10,telephone,09235523,(numéro valide attendu : 01 + 8 chiffres)
ENR-004395,AN-002461,ECART_PRENOMS,R02,prenoms,Gildsa,Gildas
ENR-004408,AN-003008,CODE_COMMUNE_INEXISTANT,R05;R08,code_commune_naissance,0199,1102
ENR-004412,AN-004156,ECART_LIEU_NAISSANCE,R05,code_commune_naissance,0405,0703
ENR-004419,AN-002887,ECART_PRENOMS,R02,prenoms,Yves Ulrich,Ulrich Yves
ENR-004435,CC-001109,DOUBLON,R11,id_piece,CC-001109,déjà enrôlé sous ENR-004327
ENR-004448,AN-001547,CHAMP_OBLIGATOIRE_MANQUANT,R09,nom_mere,,SOULEY Aïcha
ENR-004457,AN-004100,ECART_SEXE,R04,sexe,F,M
ENR-004469,AN-003620,AGE_INVRAISEMBLABLE,R03;R07,date_naissance,1886-12-03,1975-12-24
ENR-004514,CC-000180,ECART_LIEU_NAISSANCE,R05,code_commune_naissance,1202,0102
ENR-004522,CC-003642,TELEPHONE_INVALIDE,R10,telephone,01O2029845,(numéro valide attendu : 01 + 8 chiffres)
ENR-004547,CC-000045,ECART_PRENOMS,R02,prenoms,Nadège Espérance,Espérance Nadège
ENR-004552,AN-002495,ECART_PRENOMS,R02,prenoms,Estlele,Estelle
ENR-004558,CC-001892,CODE_COMMUNE_INEXISTANT,R05;R08,code_commune_naissance,1299,0504
ENR-004559,CC-002003,CHAMP_OBLIGATOIRE_MANQUANT,R09,nom_mere,,MENSAH Gisèle
ENR-004569,AN-004444,ECART_DATE_NAISSANCE,R03,date_naissance,2011-10-22,2011-10-21
ENR-004575,CC-004142,ECART_PRENOMS,R02,prenoms,Judit,Judith
ENR-004618,PP-003061,CODE_COMMUNE_INEXISTANT,R05;R08,code_commune_naissance,9999,0205
ENR-004627,AN-002064,CODE_COMMUNE_INEXISTANT,R05;R08,code_commune_naissance,0199,0408
ENR-004629,AN-002482,ECART_SEXE,R04,sexe,M,F
ENR-004638,AN-001133,CODE_COMMUNE_INEXISTANT,R05;R08,code_commune_naissance,0199,1207
ENR-004653,AN-001964,ECART_SEXE,R04,sexe,F,M
ENR-004670,PP-002839,ECART_DATE_NAISSANCE,R03,date_naissance,1981-03-15,1981-02-13
ENR-004671,AN-003839,DATE_NAISSANCE_POSTERIEURE,R03;R06,date_naissance,2027-06-07,1972-07-30
ENR-004676,AN-002237,TELEPHONE_INVALIDE,R10,telephone,0242031185,(numéro valide attendu : 01 + 8 chiffres)
ENR-004678,AN-002992,CODE_COMMUNE_INEXISTANT,R05;R08,code_commune_naissance,9999,0502
ENR-004684,CC-000881,ECART_SEXE,R04,sexe,F,M
ENR-004686,PP-001966,ECART_PRENOMS,R02,prenoms,Sèèmvo,Sèmèvo
ENR-004710,AN-003753,ECART_PRENOMS,R02,prenoms,Juustin,Justin
ENR-004719,AN-001005,ECART_DATE_NAISSANCE,R03,date_naissance,1949-12-01,1949-11-28
ENR-004730,AN-004254,ECART_DATE_NAISSANCE,R03,date_naissance,1992-12-07,1992-11-07
ENR-004749,CC-002159,AGE_INVRAISEMBLABLE,R03;R07,date_naissance,1900-12-13,2024-03-23
ENR-004773,AN-001902,ECART_NOM,R01,nom,CCHABI,CHABI
ENR-004781,AN-001081,ECART_DATE_NAISSANCE,R03,date_naissance,1975-04-03,1974-04-03
ENR-004809,AN-004685,ECART_PRENOMS,R02,prenoms,Ghislain Yves,Yves Ghislain
ENR-004831,AN-001734,ECART_NOM,R01,nom,FASSSINOU,FASSINOU
ENR-004836,AN-000203,ECART_LIEU_NAISSANCE,R05,code_commune_naissance,0305,0606
ENR-004850,AN-003651,ECART_NOM,R01,nom,SOULY,SOULEY
ENR-004863,PP-002900,ECART_PRENOMS,R02,prenoms,Bienvenu Fidèle,Fidèle Bienvenu
ENR-004865,AN-003524,CHAMP_OBLIGATOIRE_MANQUANT,R09,nom_mere,,TOSSOU Sènami
ENR-004882,AN-003230,ECART_NOM,R01,nom,TOSSOUU,TOSSOU
ENR-004890,AN-001358,TELEPHONE_INVALIDE,R10,telephone,01O2011758,(numéro valide attendu : 01 + 8 chiffres)
ENR-004894,AN-002590,ECART_DATE_NAISSANCE,R03,date_naissance,1971-05-28,1971-05-18
ENR-004902,CC-002845,CHAMP_OBLIGATOIRE_MANQUANT,R09,nom_mere,,NOUATIN Prudence
ENR-004915,CC-003765,ECART_SEXE,R04,sexe,F,M
ENR-004922,PP-002232,CHAMP_OBLIGATOIRE_MANQUANT,R09,nom_mere,,OSSENI Espérance
ENR-004925,AN-002650,CODE_COMMUNE_INEXISTANT,R05;R08,code_commune_naissance,9999,0704
ENR-004928,AN-004426,DOUBLON,R11,id_piece,AN-004426,déjà enrôlé sous ENR-004756
ENR-004931,PP-001079,CODE_COMMUNE_INEXISTANT,R05;R08,code_commune_naissance,0000,0406
ENR-004934,PP-003504,TELEPHONE_INVALIDE,R10,telephone,82286154,(numéro valide attendu : 01 + 8 chiffres)
ENR-004992,AN-000531,ECART_NOM,R01,nom,AMMOUSSOU,AMOUSSOU
ENR-005018,AN-004591,CODE_COMMUNE_INEXISTANT,R05;R08,code_commune_naissance,0199,0206
ENR-005028,AN-004262,DOUBLON,R11,id_piece,AN-004262,déjà enrôlé sous ENR-004604
ENR-005043,AN-001888,ECART_LIEU_NAISSANCE,R05,code_commune_naissance,0408,0602
ENR-005045,PP-003288,ECART_DATE_NAISSANCE,R03,date_naissance,1971-03-18,1971-03-15
ENR-005054,AN-003204,ECART_NOM,R01,nom,DOSSUO,DOSSOU
ENR-005055,AN-004762,DOUBLON,R11,id_piece,AN-004762,déjà enrôlé sous ENR-004744
ENR-005056,AN-003474,DOUBLON,R11,id_piece,AN-003474,déjà enrôlé sous ENR-004642
ENR-005057,AN-004559,DOUBLON,R11,id_piece,AN-004559,déjà enrôlé sous ENR-004716
ENR-005058,AN-002396,DOUBLON,R11,id_piece,AN-002396,déjà enrôlé sous ENR-004584
ENR-005059,AN-000908,DOUBLON,R11,id_piece,AN-000908,déjà enrôlé sous ENR-004838
ENR-005060,AN-000862,DOUBLON,R11,id_piece,AN-000862,déjà enrôlé sous ENR-004938
